name,price,Kategori
Jamur Perancis Sliced Pack 250 Gr,19900,Sayuran
HOKTO MUSHROOM WHITE PACK JAPAN,19100,Sayuran
Kongke Tofu Jepun Putih 250Gr,10300,Sayuran
KABOCHA LABU KUNING 1 KG,39480,Sayuran
Jamur Perancis Whole Pack,19600,Sayuran
Jamur Kuping Pack 100 Gr,12300,Sayuran
Cabe Rawit Hijau 100 Gr,8150,Sayuran
CABE RAWIT HIJAU 100-120 GR,12350,Sayuran
PAPRIKA HIJAU 220 GR,23600,Sayuran
CABE MERAH KRITING 250 GR,21060,Sayuran
CABE RAWIT MERAH 100-120 GR,10640,Sayuran
Jamur Perancis Whole Pack,20220,Sayuran
JAMUR PERANCIS WHOLE PACK,18180,Sayuran
Tempe Organik GMO & Non-GMO - Sayur Kendal,30300,Sayuran
TIMUN JAP 500-520 GR - SAYUR,14950,Sayuran
Eat Me Brand - Sayur Pakcoy Hijau Hidroponik Kg,22050,Sayuran
Kongke Tofu Rasa Udang 140 Gr,12610,Sayuran
Salanova Oakleaf Mix 200 gram Amazing Farm,32000,Sayuran
Selada Romaine Konvensional 500 gram Sayurbox,38000,Sayuran
Tomat Hijau 250 gr FreshBox,5600,Sayuran
JAMUR PERANCIS SLICED PACK 250 GR,19600,Sayuran
Selada Romain - Sayur Kendal,21875,Sayuran
KONGKE TAHU SUTRA 250 GR,12830,Sayuran
Kongke Tofu Telur Special 140 Gr,9620,Sayuran
PAPRIKA MERAH 200-220 GR - SAYUR,21980,Sayuran
CABE MERAH KRITING 250-270 GR,26120,Sayuran
JAMUR KUPING PACK 100 GRAM,7150,Sayuran
Sakake Tofu Telur 230 Gr,18250,Sayuran
KEMBANG KOL 500 GR,52470,Sayuran
CABE RAWIT HIJAU 100-120 GR,10900,Sayuran
BUNCIS PERANCIS PACK - SAYURAN,16400,Sayuran
JAMUR PERANCIS SLICED PACK 250 GR,19600,Sayuran
Cabe Hijau - Sayur Kendal,51000,Sayuran
Brokoli Potong - Sayur Kendal,29000,Sayuran
CABE MERAH KRITING 250 GR - CABAI,29670,Sayuran
TOMAT TW 500 GR,20970,Sayuran
KEMBANG KOL 500-600 GR - SAYUR,28740,Sayuran
KONGKE TAHU SUTRA 250 GRAM,13900,Sayuran
Daun Kangkung Ikat 150 Gr,4810,Sayuran
JAMUR ENOKIDAKE PACK,7150,Sayuran
Selada Iceberg B2G3 Konvensional 500 gram,91900,Sayuran
TAHU YUNYIE 4 PCS PUTIH - OLAHAN KEDELAI,18520,Sayuran
CABE HIJAU TW 250-270 GR - CABAI,13470,Sayuran
KONGKE TAHU SUTRA 250 GR,11990,Sayuran
LABU SIAM BESAR 350-400 GR - SAYUR,7800,Sayuran
WHITE SHIMEJI MUSHROOM PACK 100 GR - JAMUR,18050,Sayuran
KING OYSTER MUSHROOM 200 GR,22150,Sayuran
SELADA KERITING HYDROPONIK PACK,9200,Sayuran
Kol Putih 1200 Gr,31850,Sayuran
IMI TAHU PUTIH 10 PCS/PACK,23700,Sayuran
Bok Choy (Pakchoy) Hidroponik 250 gram Amazing Farm,26000,Sayuran
Cabe Merah Besar - Sayur Kendal,99100,Sayuran
Kongke Tofu Telur Special 140 Gr,12510,Sayuran
Kongke Tofu Rasa Udang 140 Gr,12080,Sayuran
Bundle Paprika Mix Konvensional 3 pcs,95700,Sayuran
Kongke Tofu Telur Ayam 140 Gr,11350,Sayuran
SELADA KERITING HYDROPONIK PACK,25650,Sayuran
White Oyster Mushroom Pack 100 Gr,14350,Sayuran
SAKAKE TOFU PUTIH 230 GR - TAHU,12350,Sayuran
Labu Siam Buah Segar 1Pcs,9000,Sayuran
TOMAT TW 500-600 GR - SAYUR,18480,Sayuran
Jamur Perancis Whole Pack,20220,Sayuran
KEMBANG KOL 500 GR,30840,Sayuran
KEMBANG KOL 500 GR,29610,Sayuran
JAMUR CHAMPIGNOT PACK 200 GR,21500,Sayuran
Kongke Tofu Jepun Putih 250Gr,11990,Sayuran
Kongke Tofu Jepun Putih 250Gr,13400,Sayuran
SAKAKE TOFU TELUR 150 GR - TAHU,12350,Sayuran
Labu Siam Buah Segar 1Pcs,9000,Sayuran
HOKTO MUSHROOM BROWN PACK JAPAN - JAMUR,18350,Sayuran
SELADA KERITING HYDROPONIK PACK,25650,Sayuran
PAPRIKA HIJAU 220-250 GRAM,11260,Sayuran
CABE HIJAU TW 250-270 GR - CABAI,13470,Sayuran
KONGKE TAHU SUTRA 250 GR,11990,Sayuran
KING OYSTER MUSHROOM 200 GR,22150,Sayuran
WHITE SHIMEJI MUSHROOM PACK 100 GR - JAMUR,18050,Sayuran
TOMAT TW SEGAR 500-600 GRAM,15990,Sayuran
BROKOLI 220 GR,20940,Sayuran
KONGKE TOFU JEPUN PUTIH 250GR,12600,Sayuran
Kongke Tofu Telur Special 140 Gr,12510,Sayuran
Kongke Tofu Rasa Udang 140 Gr,12080,Sayuran
Selada Bulat Organik - Sayur Kendal,34650,Sayuran
Kangkung - Sayur Kendal Fresh & Organic,28125,Sayuran
Paprika Kuning Hidroponik140-200gr (pck) Freshbox,39100,Sayuran
Baby Pakcoy 250gr Freshbox,10600,Sayuran
CABE MERAH TW 240 GR - CABAI,26340,Sayuran
KONGKE TAHU SUTRA 250 GR,11350,Sayuran
Paket Tumis Sawi Putih - Sayur Kendal,18000,Sayuran
Paket Acar Kuning Timun Wortel - Sayur Kendal,31000,Sayuran
LABU SIAM BESAR 350 GR,10060,Sayuran
PAPRIKA HIJAU 220 GR,23150,Sayuran
Eat Me Brand - Kol Ungu / Kol Merah / Red Cabbage,34650,Sayuran
KING OYSTER MUSHROOM 200 GR - JAMUR,26640,Sayuran
Planto Baby Kailan Planto 1 pack sayurbox,14100,Sayuran
Kongke Tofu Rasa Udang 140 Gr,13040,Sayuran
JAMUR CHAMPIGNOT PACK 200 GR,22150,Sayuran
BERNARDI YONG TOFU INSTAN 300 GR,51500,Sayuran
AMAZING FARM KALE GREEN HYDROPONIK PACK,21900,Sayuran
JAMUR PERANCIS SLICED PACK 250 GR,20600,Sayuran
SAYUR PARE HIJAU 500-580 GRAM,14650,Sayuran
SAKAKE TOFU TELUR 230 GRAM,18250,Sayuran
BUNCIS TW 250-280 GR - SAYURAN,8370,Sayuran
CABE HIJAU KERITING 250-270 GR,14820,Sayuran
JAMUR PERANCIS WHOLE PACK 250 GR,19600,Sayuran
BROWN SHIMEJI MUSHROOM PACK 150 GR,18050,Sayuran
HOKTO MUSHROOM BROWN PACK JPN,19100,Sayuran
CABE HIJAU TW 250-270 GR - CABAI,16110,Sayuran
Jamur Perancis Whole Pack,20220,Sayuran
Paket Sawi Hijau Potong - Sayur Kendal,10000,Sayuran
Buncis TW 250 Gr,9970,Sayuran
Sayurbox Paket Sambal Hijau Fresh Konvensional 1 Pack dengan Cabai Rawit Hijau Besar Keriting Tomat Hijau Bawang Merah Putih Kecombrang Herbal,29900,Sayuran
Kongke Tofu Telur Ayam 140 Gr,11760,Sayuran
Wortel Brastagi 500gr FreshBox,10400,Sayuran
Timun Acar 280 Gr,7220,Sayuran
Daun Bawang Mix Seledri Konvensional 150 gram,12100,Sayuran
Tauge Panjang Pack 200 Gr,7150,Sayuran
WHITE SHIMEJI MUSHROOM PACK 100 GR - JAMUR,18050,Sayuran
KEMBANG KOL SEGAR 500-600 GR,29670,Sayuran
IMI TAHU KUNING 10 PCS - OLAHAN KEDELAI,23700,Sayuran
KONGKE TOFU JEPUN PUTIH 250GR,12600,Sayuran
LABU SIAM BESAR 350-400 GR,3680,Sayuran
LABU SIAM BESAR 260 gr,8200,Sayuran
KONGKE TOFU TELUR AYAM 140 GR - TAHU,9500,Sayuran
PRIME TOMAT PACK 1 KG,35550,Sayuran
JAMUR PERANCIS SLICED PACK,18950,Sayuran
TOMAT TW 500-600 GR - SAYUR,18480,Sayuran
HOKTO MUSHROOM WHITE PACK JAPAN,20050,Sayuran
KEMBANG KOL 500 GR,29610,Sayuran
JAMUR CHAMPIGNOT PACK 200 GR,21500,Sayuran
SAYUR PARE HIJAU 500-580 GRAM,14650,Sayuran
Jamur Enokidake Pack 100 Gr,5900,Sayuran
AMAZING FARM KANGKUNG HYDROPONIK PACK,20500,Sayuran
Sakake Tofu Putih 230 Gr,14450,Sayuran
KONGKE TAHU SUTRA 250 GR,13400,Sayuran
Jamur Perancis Sliced Pack 250 Gr,20850,Sayuran
CABE HIJAU TW 250-270 GR - CABAI,16110,Sayuran
SAWI PUTIH 700 GR,18140,Sayuran
Sayurbox Selada Keriting Hidroponik Sayurbox Selection 250 gram,26500,Sayuran
Wortel Berastagi Konvensional 500 gram Sayurbox,17500,Sayuran
Tempe Segitiga 50 - 60 gram,2400,Sayuran
Yunyi Tempe Kims Tempe 450 gram Sayurbox,22500,Sayuran
SAKAKE TAHU SUTRA KOTAK FIRM 300 GR,17500,Sayuran
PAPRIKA HIJAU 220-250 GR - SAYUR,23150,Sayuran
BROWN SHIMEJI MUSHROOM PACK 150 GR,18050,Sayuran
BERNARDI YONG TOFU INSTAN 300 GR,51500,Sayuran
WHITE OYSTER MUSHROOM PACK 100 GR,16580,Sayuran
Eat Me Fresh - Sayur Kangkung Hidroponik Fresh Vegetables Bebas Pestisida Kg,24150,Sayuran
KONGKE TAHU SUTRA 250 GRAM,12830,Sayuran
Labu Siam Besar - Sayur Kendal,21200,Sayuran
Brokoli Organik - Sayur Kendal,37050,Sayuran
Azaki Tempe Non GMO 400 gram,24500,Sayuran
Seledri Stick Import 1 pack Sayurbox,59500,Sayuran
CABE MERAH TW 240 GR - CABAI,25840,Sayuran
CABE HIJAU TW 250 GR,15550,Sayuran
SAKAKE TOFU TELUR 230 GR - TAHU,18190,Sayuran
KONGKE TOFU TELUR AYAM 140 GR - TAHU,9490,Sayuran
TOMAT TW SEGAR 500-600 GRAM,20760,Sayuran
JAMUR PERANCIS WHOLE PACK,18450,Sayuran
YUNYI TAHU PUTIH 4 PCS,20100,Sayuran
KING OYSTER MUSHROOM 400 GR,22600,Sayuran
CABE MERAH KRITING 250-270 GR,30560,Sayuran
BUNCIS TW 250-280 GR - SAYURAN,9790,Sayuran
Jamur Enokidake Pack 100 Gr,6310,Sayuran
Paket Tumis Oyong - Sayur Kendal,25000,Sayuran
White Oyster Mushroom Pack 100 Gr,18720,Sayuran
TERONG SAYUR 250-300 GRAM,6390,Sayuran
White Oyster Mushroom Pack 100 Gr,18720,Sayuran
Jamur Perancis Whole Pack,20320,Sayuran
KONGKE TOFU JEPUN PUTIH 250 GR,11220,Sayuran
KONGKE TOFU TELUR AYAM 140 GR,9620,Sayuran
BROWN SHIMEJI MUSHROOM PACK 150 GR,17500,Sayuran
TIMUN ACAR 280-300 GR - SAYUR,6150,Sayuran
TERONG LALAP HIJAU PACK 250 GR,9200,Sayuran
CABE MERAH KRITING 250-270 GR,30560,Sayuran
TIMUN ACAR 280-300 GR - SAYUR,6150,Sayuran
Jamur Perancis Sliced Pack 250 Gr,20320,Sayuran
Paket Sawi Gulung Tahu - Sayur Kendal,21000,Sayuran
CABE MERAH KRITING 250-270 GR,29440,Sayuran
Jamur Perancis Sliced Pack 250 Gr,20220,Sayuran
KONGKE TOFU TELUR SPECIAL 140 GR,9500,Sayuran
CABE RAWIT MERAH 100-120 GR,14500,Sayuran
BROWN SHIMEJI MUSHROOM PACK 150 GR,18720,Sayuran
SAYUR SAWI PUTIH 700-850 GRAM,31830,Sayuran
Kol Ungu Organik 500 gram Sayurbox,66800,Sayuran
KONGKE TOFU TELUR SPECIAL 140 GR,9620,Sayuran
KOL PUTIH 1200-1300 GR - SAYUR,20150,Sayuran
Pronas Jamur Kancing 400 gram Sayurbox,32700,Sayuran
Sakura Tahu Telur 240 gram,18700,Sayuran
Kol Putih Konvensional Sayurbox,14000,Sayuran
Jamur Snow White Impor Impor 1 pack Sayurbox,16900,Sayuran
TOMAT TW 500-600 GR - SAYUR,18480,Sayuran
HOKTO MUSHROOM WHITE PACK JAPAN,20050,Sayuran
KEMBANG KOL 500 GR,29610,Sayuran
JAMUR CHAMPIGNOT PACK 200 GR,21500,Sayuran
SAYUR PARE HIJAU 500-580 GRAM,14650,Sayuran
Kol Putih Konvensional Sayurbox,14000,Sayuran
Kongke Tofu Telur Special 140 Gr,10990,Sayuran
SAKAKE TOFU TELUR 230 GR - TAHU,17690,Sayuran
KONGKE TOFU JEPUN PUTIH 250 GR - TAHU,12600,Sayuran
Jamur Perancis Whole Pack,19600,Sayuran
KEMBANG KOL 500 GR,30840,Sayuran
JAMUR CHAMPIGNOT PACK 200 GR,23200,Sayuran
WHITE SHIMEJI MUSHROOM PACK 100 GR - JAMUR,18050,Sayuran
SAKAKE TOFU TELUR 150 GR,13210,Sayuran
SAWI PUTIH 700 GR,32650,Sayuran
Jamur Perancis Sliced Pack 250 Gr,17860,Sayuran
SAKAKE TOFU TELUR 150 GR,13210,Sayuran
KONGKE TAHU SUTRA 250 GR,13400,Sayuran
Paket Wortel Potong - Sayur Kendal,11000,Sayuran
Kongke Tofu Telur Special 140 Gr,9500,Sayuran
PARE HIJAU 500-580 GR - SAYUR,13280,Sayuran
SAWI PUTIH FRESH | Tambah Buah Sayur,29000,Sayuran
Selada Keriting Hidroponik 250 gram Amazing Farm,27000,Sayuran
KONGKE TOFU RASA UDANG 140 GR,9800,Sayuran
LABU SIAM BESAR 350 GR,7560,Sayuran
BABY SAWI PUTIH 300 GR,13800,Sayuran
Buncis - Sayur Kendal Fresh & Organic,10600,Sayuran
KONGKE TOFU RASA UDANG 140 GR,9940,Sayuran
Kongke Tofu Rasa Udang 140 Gr,11760,Sayuran
CABE RAWIT MERAH 100 GR - CABAI,18990,Sayuran
Kongke Tofu Jepun Putih 250Gr,13470,Sayuran
Jamur Kuping Konvensional 150 gram Sayurbox,8700,Sayuran
Lee Kum Kee Saus Saus Tiram Cap Panda Botol 510 gram Sayurbox,66800,Sayuran
Kol Ungu Konvensional 500 gram Sayurbox,42500,Sayuran
Kangkung Potong - Sayur Kendal,11000,Sayuran
TOMAT CHERRY MERAH PACK - SAYUR,17450,Sayuran
KONGKE TOFU TELUR SPECIAL 140 GR,11760,Sayuran
Paprika Kuning - Sayur Kendal,52900,Sayuran
White Oyster Mushroom Pack 100 Gr,18050,Sayuran
CABE HIJAU TW 250-270 GR - CABAI,15550,Sayuran
Jamur Tiram Pack 100 Gr,16900,Sayuran
HOKTO MUSHROOM BROWN PACK JAPAN - JAMUR,19100,Sayuran
SAWI PUTIH 700-850 GR - SAYUR,21800,Sayuran
BERNARDI YONG TOFU INSTAN 300 GR,51500,Sayuran
PARE HIJAU 500-580 GR - SAYUR,19110,Sayuran
Jamur Perancis Whole Pack,29730,Sayuran
KEMBANG KOL 500 GR,26790,Sayuran
Timun Acar 280 Gr,21300,Sayuran
Buncis TW 250 Gr,6560,Sayuran
Bundle - 2 x Tahu Bakso Bu Pendi Segitiga Isi 10 300 gram,41800,Sayuran
Kongke Tofu Telur Special 140 Gr,10900,Sayuran
CABE RAWIT HIJAU 100-120 GR,10370,Sayuran
CABE RAWIT MERAH 100 GR,18040,Sayuran
JAMUR PERANCIS WHOLE PACK,18950,Sayuran
KONGKE TOFU TELUR AYAM 140 GR - TAHU,9500,Sayuran
Kongke Tofu Telur Ayam 140 Gr,9900,Sayuran
CABE MERAH TW 250-270 GR - CABAI,27140,Sayuran
JAMUR ENOKIDAKE PACK 100 GR,5500,Sayuran
JAMUR ENOKIDAKE PACK 100 GR,6100,Sayuran
Jamur Tiram Pack 100 Gr,22850,Sayuran
CABE RAWIT MERAH 100-120 GR,12350,Sayuran
Jamur Perancis Whole Pack,20500,Sayuran
BUNCIS PERANCIS PACK,16700,Sayuran
CABE MERAH KRITING 250-270 GR,30560,Sayuran
KONGKE TAHU SUTRA 250 GR,12350,Sayuran
TOMAT TW 500-600 GR - SAYUR,18480,Sayuran
HOKTO MUSHROOM WHITE PACK JAPAN,20050,Sayuran
KEMBANG KOL 500 GR,29610,Sayuran
JAMUR CHAMPIGNOT PACK 200 GR,21500,Sayuran
SAYUR PARE HIJAU 500-580 GRAM,14650,Sayuran
KEMBANG KOL SEGAR 500-600 GR,38940,Sayuran
CABE RAWIT HIJAU 100 GR - CABAI,9670,Sayuran
Jamur Kuping Pack 100 Gr,6650,Sayuran
Brokoli & Kembang Kol Potong - Sayur Kendal,21000,Sayuran
Jamur Perancis Sliced Pack 250 Gr,21290,Sayuran
Cabe Rawit Merah 100 Gr,12810,Sayuran
WORTEL SEGAR 500-600 GRAM,10210,Sayuran
CABE MERAH TW 250-270 GR - CABAI,25840,Sayuran
LABU SIAM ACAR 300 GR - SAYUR,12300,Sayuran
Sayurbox Cabai Merah Rawit 200 gram Konvensional Warna Campur Pedas Cocok Sebagai Bahan Sambal,23450,Sayuran
Timun Baby Konvensional Sayurbox,11600,Sayuran
LABU SIAM BESAR 350-400 GR - SAYUR,7800,Sayuran
SAKAKE TOFU TELUR 230 GRAM,18250,Sayuran
HOKTO MUSHROOM BROWN PACK JPN,19500,Sayuran
Sakake Tofu Putih 230 Gr,12990,Sayuran
Pare Hijau 500 Gr,19460,Sayuran
TIMUN JAP 500 GR,17630,Sayuran
KONGKE TOFU JEPUN PUTIH 250 GR - TAHU,12600,Sayuran
Terong Lalap Hijau Pack 250 Gr,7150,Sayuran
KEMBANG KOL 500-600 GR - SAYUR,28740,Sayuran
KABOCHA LABU KUNING 1 KG,49320,Sayuran
SAKAKE TOFU PUTIH 150 GR,8250,Sayuran
TOMAT TW 500-600 GR - SAYUR,21990,Sayuran
Paket Tumis Brokoli Wortel - Sayur Kendal,35000,Sayuran
Jamur Enokidake Pack 100 Gr,7380,Sayuran
Cabe Rawit Merah 100 Gr,21170,Sayuran
JAMUR ENOKIDAKE PACK 100 GR,6100,Sayuran
KONGKE TOFU TELUR AYAM 140 GR,9620,Sayuran
HOKTO MUSHROOM WHITE PACK JAPAN,19100,Sayuran
PAPRIKA HIJAU 220 GR,25650,Sayuran
TERONG LALAP HIJAU PACK 250 GR,9200,Sayuran
Jamur Enokidake Pack 100 Gr,6310,Sayuran
BROWN SHIMEJI MUSHROOM PACK 150 GR,17010,Sayuran
Tomat Hijau Konvensional 250 gram,10100,Sayuran
Kongke Tofu Telur Ayam 140 Gr,11760,Sayuran
Kongke Tofu Rasa Udang 140 Gr,9620,Sayuran
KONGKE TOFU JEPUN PUTIH 250 GR - TAHU,11970,Sayuran
CABE MERAH KRITING 250-270 GR,25970,Sayuran
TERONG LALAP HIJAU PACK 250 GR,9200,Sayuran
Jamur Enokidake Pack 100 Gr,6100,Sayuran
CABE RAWIT MERAH 100-120 GR,14110,Sayuran
Tahu Kuning Susu Bandung 10 pcs Freshbox,19400,Sayuran
Kongke Tofu Telur Special 140 Gr,11760,Sayuran
Sayurbox Selection Tempe Ungkep Bumbu Kuning 350 gram sayurbox,27800,Sayuran
Cabe Merah Kriting 240 Gr,27300,Sayuran
Brokoli Impor B2G3 Impor 1 pack,100500,Sayuran
SAKAKE TOFU PUTIH 230 GRAM,11990,Sayuran
TAHU YUNYIE 4 PCS PUTIH - OLAHAN KEDELAI,20100,Sayuran
Cabe Merah Tw 240 Gr,33350,Sayuran
WHITE OYSTER MUSHROOM PACK,18720,Sayuran
HOKTO MUSHROOM BROWN PACK JPN,26640,Sayuran
CABE RAWIT HIJAU 100 GR - CABAI,13080,Sayuran
SAKAKE TOFU PUTIH 230 GR,13400,Sayuran
KONGKE TAHU SUTRA 250 GRAM,13900,Sayuran
Jamur Enoki - Sayur Kendal,10100,Sayuran
Selada Air Konvensional 250 gram Sayurbox,7900,Sayuran
Sakake Tofu Telur 230 Gr,18250,Sayuran
BROWN SHIMEJI MUSHROOM PACK 150 GR,15350,Sayuran
WHITE SHIMEJI MUSHROOM PACK 100 GR - JAMUR,18050,Sayuran
Sakake Tofu Telur 230 Gr,19800,Sayuran
TOMAT TW 500-600 GR - SAYUR,18480,Sayuran
HOKTO MUSHROOM WHITE PACK JAPAN,20050,Sayuran
KEMBANG KOL 500 GR,29610,Sayuran
JAMUR CHAMPIGNOT PACK 200 GR,21500,Sayuran
SAYUR PARE HIJAU 500-580 GRAM,14650,Sayuran
HOKTO MUSHROOM BROWN PACK JAPAN - JAMUR,19100,Sayuran
PAPRIKA MERAH 200-220 GRAM,14230,Sayuran
KONGKE TOFU TELUR SPECIAL 140 GR - TAHU,9500,Sayuran
PARE HIJAU 500-580 GR - SAYUR,20070,Sayuran
White Oyster Mushroom Pack 100 Gr,15350,Sayuran
BROWN SHIMEJI MUSHROOM PACK 150 GR,15350,Sayuran
WHITE SHIMEJI MUSHROOM PACK 100 GR - JAMUR,18050,Sayuran
Sakake Tofu Telur 230 Gr,19800,Sayuran
JAMUR CHAMPIGNOT PACK 200 GR,21500,Sayuran
Sakake Tofu Telur 230 Gr,18250,Sayuran
KEMBANG KOL 500 GR,52470,Sayuran
SAKAKE TOFU PUTIH 230 GRAM,11990,Sayuran
TAHU YUNYIE 4 PCS PUTIH - OLAHAN KEDELAI,20100,Sayuran
SAKAKE TOFU TELUR 230 GRAM,18250,Sayuran
HOKTO MUSHROOM BROWN PACK JPN,26640,Sayuran
Tahu Kuning - Perpack isi 10 SayurKendal,15500,Sayuran
White Oyster Mushroom Pack 100 Gr,18720,Sayuran
PARE HIJAU 500-580 GR - SAYUR,19110,Sayuran
CABE HIJAU TW 250-270 GR - CABAI,16110,Sayuran
KOL PUTIH SEGAR 1200-1300 GRAM,29070,Sayuran
Kongke Tofu Telur Special 140 Gr,9620,Sayuran
KONGKE TOFU TELUR SPECIAL 140 GR,9620,Sayuran
KONGKE TAHU SUTRA 250 GRAM,13900,Sayuran
SAKAKE TOFU PUTIH 230 GR,13400,Sayuran
Kongke Tofu Rasa Udang 140 Gr,12190,Sayuran
Planto Baby Buncis Konvensional 1 pack,8700,Sayuran
Wortel Berastagi Baby Konvensional Sayurbox,25000,Sayuran
Sayurbox Kitchen Paket Masak Sop Oyong Misoa 1 pack,24900,Sayuran
Wortel Organik 1 kg Sayurbox,61800,Sayuran
Kol Putih 1200 Gr,26850,Sayuran
TheOrganicStop Kale Powder Bubuk Superfood 30 gram,38700,Sayuran
KEMBANG KOL 500-600 GR - SAYUR,28740,Sayuran
Jamur Perancis Whole Pack,20220,Sayuran
JAMUR PERANCIS SLICED PACK,19780,Sayuran
BROWN SHIMEJI MUSHROOM PACK 150 GR,18080,Sayuran
Buncis TW 250 Gr,9740,Sayuran
CABE RAWIT HIJAU 100-120 GR,5890,Sayuran
Kongke Tofu Jepun Putih 250Gr,13260,Sayuran
Tahu Kims Premium NON GMO 1 pack Sayurbox,22300,Sayuran
Kongke Tofu Telur Special 140 Gr,11330,Sayuran
Bundle Buncis Jagung Acar Konvensional 1 pack,22800,Sayuran
KONGKE TOFU JEPUN PUTIH 250GR,11970,Sayuran
PAPRIKA MERAH 200-220 GRAM,30580,Sayuran
KONGKE TOFU RASA UDANG 140 GR,11120,Sayuran
KONGKE TOFU RASA UDANG 140 GR - TAHU,9490,Sayuran
CABE MERAH KRITING 250-270 GR,30560,Sayuran
Kongke Tofu Telur Special 140 Gr,9500,Sayuran
LABU SIAM ACAR 300 GR,12300,Sayuran
LABU SIAM BESAR 350 GR,7480,Sayuran
YUNYI TAHU PUTIH 4 PCS,20100,Sayuran
IMI TAHU SUTRA PUTIH 8 PCS,25990,Sayuran
LABU SIAM BESAR 350 GR,8200,Sayuran
Kongke Tofu Rasa Udang 140 Gr,12350,Sayuran
Sakake Tofu Putih 230 Gr,12350,Sayuran
KOL PUTIH 1200-1300 GR - SAYUR,28800,Sayuran
JAMUR PERANCIS SLICED PACK 250 GR,19600,Sayuran
SAKAKE TOFU UDANG 230 GR - TAHU,20350,Sayuran
YUNYI TAHU PUTIH 4 PCS,19500,Sayuran
KONGKE TAHU SUTRA 250 GR,12350,Sayuran
TOMAT TW SEGAR 500-600 GRAM,21570,Sayuran
Jamur Perancis Whole Pack,20220,Sayuran
Jamur Perancis Whole Pack,20220,Sayuran
JAMUR CHAMPIGNOT PACK 200 GR,21500,Sayuran
TOMAT TW 500 GR,20480,Sayuran
KEMBANG KOL 500 GR,29610,Sayuran
BUNCIS TW 250-280 GR - SAYURAN,10280,Sayuran
KONGKE TOFU JEPUN PUTIH 250GR,12190,Sayuran
CABE RAWIT HIJAU 100 GR - CABAI,13080,Sayuran
SAKAKE TOFU PUTIH 230 GRAM,12350,Sayuran
SAKAKE TOFU TELUR 230 GRAM,18250,Sayuran
JAMUR PERANCIS SLICED PACK 250 GR,19600,Sayuran
KONGKE TAHU SUTRA 250 GR,14430,Sayuran
Cabe Rawit Merah 100 Gr,12810,Sayuran
Kongke Tofu Jepun Putih 250Gr,11220,Sayuran
Kongke Tofu Rasa Udang 140 Gr,9620,Sayuran
KONGKE TOFU RASA UDANG 140 GR,9620,Sayuran
Jamur Perancis Sliced Pack 250 Gr,19600,Sayuran
LABU SIAM ACAR 300 GR - SAYUR,13500,Sayuran
KABOCHA LABU KUNING 1 KG,49320,Sayuran
Jamur Tiram Pack 100 Gr,21550,Sayuran
JAMUR TIRAM PACK 100 GR,10200,Sayuran
BUAH TIMUN ACAR 280-300 GRAM,6780,Sayuran
KING OYSTER MUSHROOM 200 GR - JAMUR,20500,Sayuran
BUNCIS PERANCIS PACK,16400,Sayuran
SAWI PUTIH 700 GR,16580,Sayuran
JAMUR PERANCIS WHOLE PACK 250 GR,19600,Sayuran
Jamur Enokidake Pack 100 Gr,5700,Sayuran
BROWN SHIMEJI MUSHROOM PACK 150 GR,16580,Sayuran
JAMUR KUPING PACK 100 GR,7380,Sayuran
Buncis & Wortel Potong (Stick) - Sayur Kendal,15000,Sayuran
Jamur Tiram Pack 100 Gr,9550,Sayuran
KOL PUTIH 1200-1300 GR - SAYUR,22690,Sayuran
TOMAT TW 500-600 GR - SAYUR,18480,Sayuran
SELADA FRESH | SELADA SUPER (KHUSUS SAMEDAY DAN INSTAN),45000,Sayuran
KABOCHA LABU KUNING 1 KG,55500,Sayuran
Cabe Hijau TW 240 Gr,14880,Sayuran
BERNARDI YONG TOFU INSTAN 300 GR,51500,Sayuran
WHITE OYSTER MUSHROOM PACK 100 GR,18080,Sayuran
Mini Cucumber (Timun Kecil) 250 gram Amazing Farm,22000,Sayuran
KOL PUTIH 1200-1300 GR - SAYUR,28800,Sayuran
Kongke Tofu Telur Special 140 Gr,11330,Sayuran
Kongke Tofu Telur Special 140 Gr,11760,Sayuran
SAKAKE TOFU PUTIH 230 GRAM,12350,Sayuran
KONGKE TOFU TELUR SPECIAL 140 GR,10900,Sayuran
IMI TAHU KUNING 10 PCS,23990,Sayuran
Cabe Rawit Hijau 100 Gr,15010,Sayuran
Jamur Shitake Impor Impor 200 gram Sayurbox,36400,Sayuran
SAKAKE TOFU UDANG 230 GR - TAHU,20300,Sayuran
Labu Siam Acar Pack 300 Gr,12300,Sayuran
Jamur Perancis Sliced Pack 250 Gr,19600,Sayuran
CABE MERAH TW 250-270 GR - CABAI,25840,Sayuran
KOL PUTIH SEGAR 1200-1300 GRAM,27690,Sayuran
JAMUR TIRAM PACK 100 GR,9900,Sayuran
LABU SIAM ACAR 300 GR,12500,Sayuran
HOKTO MUSHROOM WHITE PACK JAPAN,20050,Sayuran
KEMBANG KOL 500-600 GR - SAYUR,28740,Sayuran
SAKAKE TOFU PUTIH 230 GRAM,12350,Sayuran
KONGKE TOFU TELUR AYAM 140 GR - TAHU,9500,Sayuran
KEMBANG KOL SEGAR 500-600 GR,27600,Sayuran
CABE HIJAU KERITING 250-270 GR,20830,Sayuran
CABE HIJAU TW 250 GR - CABAI,16170,Sayuran
Jamur Perancis Whole Pack,19990,Sayuran
BUNCIS TW SEGAR 250-280 GRAM,10360,Sayuran
KEMBANG KOL 500 GR,41940,Sayuran
KOL PUTIH SEGAR 1200-1300 GRAM,23270,Sayuran
Jamur Perancis Whole Pack,20220,Sayuran
Jamur Perancis Whole Pack,20220,Sayuran
JAMUR CHAMPIGNOT PACK 200 GR,21500,Sayuran
TOMAT TW 500 GR,20480,Sayuran
KEMBANG KOL 500 GR,29610,Sayuran
CABE HIJAU TW 250 GR - CABAI,16170,Sayuran
BUNCIS TW SEGAR 250-280 GRAM,10360,Sayuran
KEMBANG KOL 500 GR,41940,Sayuran
Tomat Hijau - Sayur Kendal,9525,Sayuran
JAMUR PERANCIS WHOLE PACK 250 GR,20220,Sayuran
SAKAKE TOFU TELUR 230 GRAM,18250,Sayuran
CABE MERAH TW 250-270 GR - CABAI,25840,Sayuran
Jamur Perancis Sliced Pack 250 Gr,20220,Sayuran
Salanova Mix Frisee 200 gram Amazing Farm,32000,Sayuran
Jamur Enokidake Pack 100 Gr,6950,Sayuran
Jamur Kuping Pack 100 Gr,8020,Sayuran
Seledri - Sayur Kendal Fresh & Organic,6350,Sayuran
Cabe Rawit Merah - Sayur Kendal,137500,Sayuran
Sakura Tahu Sutera Kotak 300 gram,20000,Sayuran
Jamur Kuping 500 gr FreshBox,14700,Sayuran
Planto Baby Pak Choy Konvensional 1 pack Sayurbox,12800,Sayuran
Wortel Konvensional 250 gram,8600,Sayuran
BERNARDI YONG TOFU INSTAN 300 GR,54560,Sayuran
HOKTO MUSHROOM WHITE PACK JAPAN,19100,Sayuran
Paprika Merah - Sayur Kendal,47600,Sayuran
Labu Siam Acar Pack 300 Gr,28750,Sayuran
SAKAKE TOFU TELUR 230 GR - TAHU,18250,Sayuran
CABE RAWIT HIJAU 100-120 GR,10890,Sayuran
Terong Lalap Hijau Pack 250 Gr,9200,Sayuran
Jamur Enokidake Pack 100 Gr,6100,Sayuran
BUNCIS PERANCIS PACK - SAYURAN,17250,Sayuran
TIMUN ACAR 280-300 GR - SAYUR,6470,Sayuran
CABE RAWIT MERAH 100 GR - CABAI,16060,Sayuran
CABE RAWIT HIJAU 100 GR - CABAI,10570,Sayuran
TOMAT TW 500 GR,20970,Sayuran
KONGKE TOFU JEPUN PUTIH 250GR,12600,Sayuran
OYONG 350-400 GR - SAYURAN,14680,Sayuran
Jamur Perancis Sliced Pack 250 Gr,19600,Sayuran
LABU SIAM ACAR 300 GR - SAYUR,12300,Sayuran
Pare Potong - Sayur Kendal,10000,Sayuran
Cabe Hijau Keriting - Sayur Kendal,7020,Sayuran
Jamur Perancis Whole Pack,20320,Sayuran
Kol Putih 1200 Gr,26290,Sayuran
BUNCIS BABY PACK - SAYURAN,16400,Sayuran
KONGKE TAHU SUTRA 250 GR,14970,Sayuran
BROWN SHIMEJI MUSHROOM PACK 150 GR,16580,Sayuran
Selada Romain Potong - Sayur Kendal,18000,Sayuran
Kongke Tofu Jepun Putih 250Gr,11220,Sayuran
BROWN SHIMEJI MUSHROOM PACK 150 GR,18050,Sayuran
Kongke Tofu Jepun Putih 250Gr,13040,Sayuran
AMAZING FARM KANGKUNG HYDROPONIK PACK,20500,Sayuran
TOMAT TW 500 GR,20130,Sayuran
KEMBANG KOL 500-600 GR - SAYUR,28740,Sayuran
BROKOLI | SAYUR BROKOLI FRESH | (KHUSUS SAMEDAY DAN INSTAN),49000,Sayuran
KEMBANG KOL 500 GR,27690,Sayuran
PAPRIKA MERAH 200-220 GRAM,21160,Sayuran
CABE RAWIT MERAH 100-120 GR,16060,Sayuran
KONGKE TOFU TELUR AYAM 140 GR,12830,Sayuran
Cantine Jamur Merang (Straw Mushroom) 425 gr,24000,Sayuran
Tomat Beef Hidroponik 1 kg Sayurbox,89400,Sayuran
Sakura Tahu Sutera 240 gram Sayurbox,12300,Sayuran
Wortel Organik - Sayur Kendal,6650,Sayuran
Sayurbox Labu Butternut Potong Konvensional 250 gram Manis Cocok untuk Bolu Kukus & Kue Lumpur,19400,Sayuran
Ayam Brand - Tomat Puree Kaleng 24 pcs 160gr,412500,Sayuran
Wortel Brastagi Segar 500 gram,18000,Sayuran
Jamur Perancis Whole Pack,20220,Sayuran
Jamur Perancis Whole Pack,20220,Sayuran
JAMUR CHAMPIGNOT PACK 200 GR,21500,Sayuran
TOMAT TW 500 GR,20480,Sayuran
KEMBANG KOL 500 GR,29610,Sayuran
BERNARDI YONG TOFU INSTAN 300 GR,51500,Sayuran
KOL PUTIH SEGAR 1200-1300 GRAM,34710,Sayuran
Cabe Rawit Hijau 100 Gr,16800,Sayuran
BROWN SHIMEJI MUSHROOM PACK 150 GR,17450,Sayuran
Timun Acar 280 Gr,21300,Sayuran
KING OYSTER MUSHROOM 200 GR,22150,Sayuran
BABY SAWI PUTIH 300 GR,16000,Sayuran
LABU SIAM ACAR 300 GR,11900,Sayuran
KONGKE TAHU SUTRA 250 GR,12350,Sayuran
KONGKE TOFU JEPUN PUTIH 250 GR - TAHU,12190,Sayuran
CABE MERAH KRITING 250 GR - CABAI,31160,Sayuran
IMI TAHU PUTIH 10 PCS/PACK,23700,Sayuran
Labu Siam Acar Pack 300 Gr,12900,Sayuran
KONGKE TAHU SUTRA 250 GR,13400,Sayuran
SAKAKE TOFU TELUR 150 GR,12350,Sayuran
White Oyster Mushroom Pack 100 Gr,15350,Sayuran
Jamur Enokidake Pack 100 Gr,6100,Sayuran
SAKAKE TOFU TELUR 230 GRAM,17690,Sayuran
BUNCIS TW 250-280 GR - SAYURAN,9790,Sayuran
IMI TAHU PUTIH 10 PCS,23990,Sayuran
Kongke Tofu Telur Ayam 140 Gr,11350,Sayuran
LABU SIAM FRESH | Tambah Buah Sayur Segar & Halal Indonesia dari TAMBAH BUAH DAN SAYUR,17000,Sayuran
Kongke Tofu Telur Special 140 Gr,12080,Sayuran
Daun Kangkung Ikat 150 Gr,4800,Sayuran
Jamur Enokidake Pack 100 Gr,6950,Sayuran
PAPRIKA HIJAU 220-250 GRAM,25410,Sayuran
Kacang Panjang Potong - Sayur Kendal,15000,Sayuran
PAPRIKA HIJAU 220-250 GR - SAYUR,29400,Sayuran
KONGKE TAHU SUTRA 250 GR,12830,Sayuran
Kongke Tofu Telur Ayam 140 Gr,12290,Sayuran
Paket Tempe Mendoan - Sayur Kendal,15000,Sayuran
KONGKE TOFU JEPUN PUTIH 250 GR,12830,Sayuran
REAM DELAPAN-DELAPAN(88) ANTI JAMUR 5 GR/CREAM JAMUR/GATAL JAMUR/KURAP,20266,Sayuran
CABE RAWIT MERAH 100-120 GR,11540,Sayuran
BUNCIS TW 250-280 GR - SAYURAN,11650,Sayuran
Kol Putih 1200 Gr,27120,Sayuran
CABE MERAH TW 240 GR - CABAI,33770,Sayuran
Green Rebel Tempe Organik TempeYa 250 gram - Produk Sehat dan Berkualitas Tinggi,15700,Sayuran
Baby Pak Choy Hidroponik Hidroponik 200 gram Sayurbox,20600,Sayuran
Cabai Rawit Merah B2G3 Konvensional 200 gram,64700,Sayuran
BROKOLI 220 GR,16110,Sayuran
PAPRIKA MERAH 200-220 GRAM,28220,Sayuran
Bundle Tahu Putih Cina dan Sawi Putih - Sayur Kendal,21000,Sayuran
CABE HIJAU KERITING 250-270 GR,20830,Sayuran
WHITE SHIMEJI MUSHROOM PACK 100 GR - JAMUR,18080,Sayuran
Kongke Tofu Telur Special 140 Gr,11350,Sayuran
KING OYSTER MUSHROOM 200 GR,23300,Sayuran
SAKAKE TAHU SUTRA KOTAK FIRM 300 GR,17500,Sayuran
Jamur Champignot Pack 200 Gr,19500,Sayuran
Buncis TW 250 Gr,12100,Sayuran
CABE MERAH KRITING 250-270 GR,30560,Sayuran
WHITE SHIMEJI MUSHROOM PACK 100 GR - JAMUR,17350,Sayuran
LABU SIAM BESAR 260 gr,7380,Sayuran
PAPRIKA HIJAU 220-250 GRAM,23150,Sayuran
CABE HIJAU TW 250-270 GRAM,12120,Sayuran
Terong Lalap Hijau Pack 250 Gr,9200,Sayuran
SAKAKE TOFU UDANG 230 GRAM,20350,Sayuran
JAMUR PERANCIS SLICED PACK 250 GR,20220,Sayuran
BERNARDI YONG TOFU INSTAN 300 GR,54560,Sayuran
Oyong Potong - Sayur Kendal,10000,Sayuran
Jamur Perancis Whole Pack,20220,Sayuran
Jamur Perancis Whole Pack,20220,Sayuran
JAMUR CHAMPIGNOT PACK 200 GR,21500,Sayuran
TOMAT TW 500 GR,20480,Sayuran
KEMBANG KOL 500 GR,29610,Sayuran
WHITE SHIMEJI MUSHROOM PACK 100 GR - JAMUR,18050,Sayuran
Berryna Broccoli Cemilan Keripik Jamur campur Kering Garing Mushroom Mixed Crispy cemilan keripik jamur garing campur mushroom Crisp sayuran kering 40g,37000,Sayuran
KONGKE TOFU RASA UDANG 140 GR - TAHU,9800,Sayuran
Kongke Tofu Telur Special 140 Gr,9620,Sayuran
UD Sari Adil Tahu Bandung Kuning 600 gram,23700,Sayuran
Sakura Tahu Telur 240 gram x 2 Sayurbox,39700,Sayuran
Kabocha Hijau Konvensional 1 pcs,41700,Sayuran
Tahu Yunyi Kuning 8 pcs 640 gram Sayurbox,33900,Sayuran
Brokoli Import - Sayur Kendal,50500,Sayuran
CABE RAWIT MERAH 100 GR - CABAI,18990,Sayuran
KONGKE TOFU RASA UDANG 140 GR,9620,Sayuran
Jamur Perancis Whole Pack,19150,Sayuran
CABE MERAH KRITING 250-270 GR,18750,Sayuran
KONGKE TOFU TELUR SPECIAL 140 GR,9500,Sayuran
TIMUN LOKAL 400-450 GR - SAYUR,8780,Sayuran
Tomat Merah Ekonomis Konvensional 500 gram,16800,Sayuran
Selada Romaine Hidroponik 250 gram Sayurbox,40400,Sayuran
Kol Putih 1200 Gr,23270,Sayuran
SAKAKE TAHU SUTRA KOTAK FIRM 300 GR,19600,Sayuran
Kol Putih 1200 Gr,37380,Sayuran
BROWN SHIMEJI MUSHROOM PACK 150 GR,18050,Sayuran
WHITE SHIMEJI MUSHROOM PACK 100 GR - JAMUR,18050,Sayuran
Jamur Kuping Pack 100 Gr,8020,Sayuran
Kongke Tofu Telur Special 140 Gr,12290,Sayuran
Buncis Bubuk,94450,Sayuran
Kongke Tofu Rasa Udang 140 Gr,12610,Sayuran
Daun Kangkung Ikat 150 Gr,6100,Sayuran
TTS FU CHUNG BEAN CURD (TAHU MERAH) 250 GR,39890,Sayuran
SAKAKE TAHU SUTRA KOTAK FIRM 300 GR,17500,Sayuran
PAKCOY HYDROPONIK PACK - SAYUR,20500,Sayuran
PAPRIKA HIJAU 220-250 GR - SAYUR,23150,Sayuran
SU BRAND KEMBANG TAHU STICK 120 GR,23700,Sayuran
PAPRIKA HIJAU 220-250 GR - SAYUR,24310,Sayuran
KONGKE TOFU TELUR SPECIAL 140 GR - TAHU,9490,Sayuran
TOMAT TW 500 GR,20940,Sayuran
Kongke Tofu Telur Ayam 140 Gr,10990,Sayuran
Jamur Kuping Pack 100 Gr,7150,Sayuran
White Oyster Mushroom Pack 100 Gr,17450,Sayuran
PAPRIKA HIJAU 220-250 GR - SAYUR,23150,Sayuran
KONGKE TOFU TELUR SPECIAL 140 GR,9500,Sayuran
JAMUR PERANCIS SLICED PACK 250 GR,19600,Sayuran
CABE MERAH KRITING 250-270 GR,19440,Sayuran
JAMUR PERANCIS SLICED PACK 250 GR,19600,Sayuran
SAWI PUTIH 700-850 GR - SAYUR,21800,Sayuran
TIMUN LOKAL 400-450 GR - SAYUR,9200,Sayuran
CABE MERAH KRITING 250-270 GR,30560,Sayuran
Sakake Tofu Telur 230 Gr,18250,Sayuran
SAKAKE TAHU SUTRA KOTAK FIRM 300 GR,17990,Sayuran
KONGKE TOFU TELUR SPECIAL 140 GR - TAHU,9490,Sayuran
BERNARDI YONG TOFU INSTAN 300 GR,51500,Sayuran
Selada Endive Hidroponik 250 gram Amazing Farm,27000,Sayuran
Kailan Organik - Sayur Kendal,22150,Sayuran
Jamur Perancis Whole Pack,20220,Sayuran
Eat Me Fresh - Selada Baby Cos Lettuce Sayur Fresh Hidroponik Bebas Pestisida Kg,74550,Sayuran
TIMUN JAP 500-520 GR - SAYUR,14950,Sayuran
Kongke Tofu Telur Special 140 Gr,9620,Sayuran
Sakura Tahu Telur Udang 140 gram Sayurbox,11700,Sayuran
Kongke Tofu Telur Special 140 Gr,10900,Sayuran
Kucai Value (200gr) 200 gram Sayurbox,12700,Sayuran
KEMBANG KOL 500-600 GR - SAYUR,28740,Sayuran
KING OYSTER MUSHROOM 200 GR,22650,Sayuran
Jamur Perancis Whole Pack,20220,Sayuran
KONGKE TOFU JEPUN PUTIH 250GR,12190,Sayuran
PARE HIJAU 500-580 GR - SAYUR,13280,Sayuran
KONGKE TOFU TELUR SPECIAL 140 GR - TAHU,9500,Sayuran
